{
  "name": "nice-more-dice_samuel",
  "id": "nice-more-dice_samuel",
  "title": "Nice more Dice Samuel",
  "description": "Adds a bunch of dice textures and dice faces to DsN.",
  "version": "1.3.1",
  "readme": "https://github.com/niceslugo/samueldice2/blob/main/README.md",
  "changelog": "https://github.com/niceslugo/samueldice2/blob/main/Changelog.md",
  "author": "ruby",
  "authors": [
    {
      "name": "ruby"
    }
  ],
  "scripts": ["scripts/nice-more-dice.json"],
  "url": "https://github.com/niceslugo/samueldice2",
  "manifest": "https://raw.githubusercontent.com/niceslugo/samueldice2/main/nice-more-dice/module.json",
  "download": "https://raw.githubusercontent.com/niceslugo/samueldice2/main/module.zip",
  "minimumCoreVersion": "0.7.9",
  "compatibility": {
    "minimum": "0.7.9",
    "verified": 11,
    "maximum": 11
  }
}
